"X1","X2","X3","X4","X5","X6","X7","X8","X9","X10","X11","X12","X13","X14","X15","X16","X17","X18","X19","X20","X21","X22","X23","X24","X25","X26","X27","X28","X29","X30","X31","X32","X33","X34","X35","X36","X37","X38","X39","X40","X41","X42","X43","X44","X45","X46","X47","X48","X49","X50","X51","X52","X53","X54","Top1","Top5","Size","SizeRatio","id","elapsed_seconds","points","gpr_iterations","gpr_added_points","perturbation_range","gpr_neighbourhood","gpr_sample_size"
0.9,0.788808763260022,0.9,0.715307745477185,0.9,0.9,0.9,0.163467089273036,0.929545197077095,0.018649714300409,0.989548327960074,0.931757918419316,0.512809749459848,0.945053314883262,0.832343220105395,0.568651175964624,0.820987402135506,0.556563051743433,0.408732156502083,0.512182347709313,0.647921879542992,0.736525852466002,0.840003998810425,0.00397940459661186,0.756805885815993,0.589948496688157,0.713594248378649,0.739556900598109,0.579049617284909,0.905699322558939,0.897174548590556,0.316183070326224,0.1,0.9,0.629782448150218,0.0331449631135911,0.1,0.722105754772201,0.9,0.544343841029331,0.375266076205298,0.259086523810402,0.624182353354991,0.539841135358438,0.059693698445335,0.347617813479155,0.123826397256926,0.938033370068297,0.1,0.609952025441453,0.370328443357721,0.248897966230288,0.711569215497002,0.9,82.65,96.47,99493376,0.121914234735233,1,450651,244,30,3,0.375,1000,3240
