"X1","X2","X3","X4","X5","X6","X7","X8","X9","X10","X11","X12","X13","X14","X15","X16","X17","X18","X19","X20","X21","X22","X23","X24","X25","X26","X27","X28","X29","X30","X31","X32","X33","X34","X35","X36","X37","X38","X39","X40","X41","X42","X43","X44","X45","X46","X47","X48","X49","X50","X51","X52","X53","X54","Top1","Top5","Size","SizeRatio","id","elapsed_seconds","points","gpr_iterations","gpr_added_points","perturbation_range","gpr_neighbourhood","gpr_sample_size"
0.608014320814982,0.395618260605261,0.1447761610616,0.315393878845498,0.897961249435321,0.800085416156799,0.706834608782083,0.598375505860895,0.708581257844344,0.672654261579737,0.398049768898636,0.836539534619078,0.1,0.270491076074541,0.9,0.301729967677966,0.537792670866475,0.991557015804574,0.642675416311249,0.950050836754963,0.665913563454524,0.130454029049724,0.9,0.9,0.837132217688486,0.684540325636044,0.61095558651723,0.129256459558383,0.829173081321642,0.857090115873143,0.961934034479782,0.571412854129449,0.714716327143833,0.685766531014815,0.467553963745013,0.620857665874064,0.672031074156985,0.712032046029344,0.1,0.47787434249185,0.9,0.596234227297828,0.9,0.849546667048708,0.352780193230137,0.267988570174202,0.0555821688845753,0.412979292916134,0.176169864134863,0.215005398634821,0.51047197743319,0.410657580383122,0.243996319686994,0.674262287188321,84.63,97.15,101291968,0.124118139920649,1,475244,244,30,3,0.375,1000,3240
