"X1","X2","X3","X4","X5","X6","X7","X8","X9","X10","X11","X12","X13","X14","X15","X16","X17","X18","X19","X20","X21","X22","X23","X24","X25","X26","X27","X28","X29","X30","X31","X32","X33","X34","X35","X36","X37","X38","X39","X40","X41","X42","X43","X44","X45","X46","X47","X48","X49","X50","X51","X52","X53","X54","Top1","Top5","Size","SizeRatio","id","elapsed_seconds","points","gpr_iterations","gpr_added_points","perturbation_range","gpr_neighbourhood","gpr_sample_size"
0.9,0.774158701999113,0.9,0.611482076114044,0.642493419116363,0.9,0.803899990161881,0.588126156711951,0.93789444421418,0.284143232507631,0.859165018657222,0.256896707927808,0.321472837822512,0.9,0.9,0.104813548503444,0.697240661131218,0.716741880169138,0.9,0.863039820222184,0.273773852968588,0.954091847641394,0.9,0.0146789110731333,0.9,0.616129802772775,0.211062636459246,0.9,0.826506723416969,0.9,0.9,0.41783643537201,0.391212087823078,0.650728118373081,0.696964154252782,0.308682796312496,0.9,0.145880189491436,0.00310029438696802,0.190833425382152,0.518810097826645,0.238191067008302,0.738432688871399,0.9,0.1,0.481596432393417,0.355207025771961,0.857241547899321,0.128682657377794,0.567889007506892,0.312509632436559,0.237496089888737,0.302145909285173,0.953014995669946,83.41,96.52,103609856,0.126958364597737,1,448142,244,30,3,0.375,1000,3240
