"X1","X2","X3","X4","X5","X6","X7","X8","X9","X10","X11","X12","X13","X14","X15","X16","X17","X18","X19","X20","X21","X22","X23","X24","X25","X26","X27","X28","X29","X30","X31","X32","X33","X34","X35","X36","X37","X38","X39","X40","X41","X42","X43","X44","X45","X46","X47","X48","X49","X50","X51","X52","X53","X54","Top1","Top5","Size","SizeRatio","id","elapsed_seconds","points","gpr_iterations","gpr_added_points","perturbation_range","gpr_neighbourhood","gpr_sample_size"
0.650148463435471,0.0822260146960616,0.883053951896727,0.894973463378847,0.354068002663553,0.605828813277185,0.625004596076906,0.993987028487027,0.649153945036232,0.0918464465066791,0.923308708705008,0.170608858577907,0.477105570025742,0.989950486458838,0.388900664635003,0.217969874851406,0.894994401372969,0.711803852580488,0.813469815067947,0.738991870544851,0.864680443890393,0.173473066650331,0.334832486696541,0.73375356849283,0.838452718220651,0.214687717147171,0.613897775299847,0.724700053222477,0.571304163895547,0.235996541567147,0.167917936109006,0.804057945497334,0.163372627459466,0.407579175196588,0.0381085397675633,0.708748868666589,0.376013015396893,0.970679498277605,0.332548453472555,0.398469981737435,0.136359664611518,0.129813357256353,0.791289203800261,0.981372996233404,0.0860877940431237,0.304668071679771,0.323484974913299,0.660146818496287,0.582756728865206,0.337256881408393,0.367921981029212,0.0995768262073398,0.16815699916333,0.704992710612714,81.21,95.47,91462784,0.112073946692833,1,480266,244,30,3,0.375,1000,3240
