"X1","X2","X3","X4","X5","X6","X7","X8","X9","X10","X11","X12","X13","X14","X15","X16","X17","X18","X19","X20","X21","X22","X23","X24","X25","X26","X27","X28","X29","X30","X31","X32","X33","X34","X35","X36","X37","X38","X39","X40","X41","X42","X43","X44","X45","X46","X47","X48","X49","X50","X51","X52","X53","X54","Top1","Top5","Size","SizeRatio","id","elapsed_seconds","points","gpr_iterations","gpr_added_points","perturbation_range","gpr_neighbourhood","gpr_sample_size"
0.935417958861217,0.614191130874678,0.580395304970443,0.561149424500763,0.721469137212262,0.198379624262452,0.650182521576062,0.933377874875441,0.9,0.615411640610546,0.883371299458668,0.9,0.258501311205327,0.628130882838741,0.559350728848949,0.206552961375564,0.9,0.479312102776021,0.703902508690953,0.611896706419066,0.314611431350932,0.727208405127749,0.1,0.1,0.398056854587048,0.155767078045756,0.477916216943413,0.88844697070308,0.603861385863274,0.496115777967498,0.9,0.396490378770977,0.353808126877993,0.309433929761872,0.443562570819631,0.745850127981976,0.185626466199756,0.00164897986687718,0.454302142839879,0.373575364612043,0.540462250448763,0.25771463746205,0.672362821316347,0.9,0.1,0.9,0.474576331116259,0.403797287959605,0.0110617677215487,0.374539784993976,0.364475275017321,0.211432802397758,0.1,0.538866842491552,82.24,96.49,88225280,0.108106870305634,1,409145,244,30,3,0.375,1000,3240
