"X1","X2","X3","X4","X5","X6","X7","X8","X9","X10","X11","X12","X13","X14","X15","X16","X17","X18","X19","X20","X21","X22","X23","X24","X25","X26","X27","X28","X29","X30","X31","X32","X33","X34","X35","X36","X37","X38","X39","X40","X41","X42","X43","X44","X45","X46","X47","X48","X49","X50","X51","X52","X53","X54","Top1","Top5","Size","SizeRatio","id","elapsed_seconds","points","gpr_iterations","gpr_added_points","perturbation_range","gpr_neighbourhood","gpr_sample_size"
0.958507184498012,0.9,0.889313467405736,0.992525713518262,0.912375968042761,0.532761822547764,0.0499325021170079,0.1,0.963266416545957,0.9,0.705066541209817,0.9,0.304411197919399,0.483293986786157,0.901046658027917,0.410638997331262,0.387600225023925,0.9,0.31058800779283,0.484080640599132,0.307199582085013,0.61942689595744,0.9,0.841037560813129,0.859533448331058,0.65933134322986,0.9,0.405669985339046,0.518949101306498,0.633511271700263,0.682630009390414,0.9,0.1,0.857652632519603,0.45077314786613,0.418367085978389,0.879371742345393,0.663133408036083,0.460340871568769,0.9,0.843557971157134,0.174437908455729,0.0434642676264048,0.712313692644238,0.081759992428124,0.446709623560309,0.118113023135811,0.639890845958143,0.1,0.148472294583917,0.842693822458386,0.262646873388439,0.1,0.974492388870567,82.94,96.3,96466432,0.118205168100019,1,415887,244,30,3,0.375,1000,3240
