"X1","X2","X3","X4","X5","X6","X7","X8","X9","X10","X11","X12","X13","X14","X15","X16","X17","X18","X19","X20","X21","X22","X23","X24","X25","X26","X27","X28","X29","X30","X31","X32","X33","X34","X35","X36","X37","X38","X39","X40","X41","X42","X43","X44","X45","X46","X47","X48","X49","X50","X51","X52","X53","X54","Top1","Top5","Size","SizeRatio","id","elapsed_seconds","points","gpr_iterations","gpr_added_points","perturbation_range","gpr_neighbourhood","gpr_sample_size"
0.489524753764272,0.573356034234166,0.840416574850678,0.258866472169757,0.43406075052917,0.225238608196378,0.654062991961837,0.55312261171639,0.855611165985465,0.0702028702944517,0.780374219641089,0.145236330106854,0.768550476059318,0.335101259872317,0.635589992627501,0.0193621423095465,0.239799665287137,0.651795281097293,0.315082216635346,0.968416066840291,0.877332808449864,0.445500584319234,0.98202976770699,0.180875869467854,0.970843674615026,0.985284121707082,0.800669940188527,0.3263118583709,0.193109871819615,0.593252630904317,0.309275986626744,0.137371512129903,0.0145162362605333,0.724193932488561,0.916819693520665,0.0111507195979357,0.890648962929845,0.846244053915143,0.645046761259437,0.217073293402791,0.894358744844794,0.191498460248113,0.594638889655471,0.479177257046103,0.210894985124469,0.184628346934915,0.0642216447740793,0.096040079370141,0.364249462261796,0.166183887049556,0.761623008176684,0.0908615719527006,0.0854926202446222,0.627227758988738,78.72,95.16,83002112,0.101706660008081,1,414099,244,30,3,0.375,1000,3240
