"X1","X2","X3","X4","X5","X6","X7","X8","X9","X10","X11","X12","X13","X14","X15","X16","X17","X18","X19","X20","X21","X22","X23","X24","X25","X26","X27","X28","X29","X30","X31","X32","X33","X34","X35","X36","X37","X38","X39","X40","X41","X42","X43","X44","X45","X46","X47","X48","X49","X50","X51","X52","X53","X54","Top1","Top5","Size","SizeRatio","id","elapsed_seconds","points","gpr_iterations","gpr_added_points","perturbation_range","gpr_neighbourhood","gpr_sample_size"
0.561190265323967,0.979423027345911,0.9,0.259350918931887,0.874790771026164,0.9,0.610287956055254,0.550586353149265,0.580903290072456,0.231739587849006,0.852875481219962,0.610826309630647,0.389906398113817,0.968270148383453,0.747796305827796,0.715629429649562,0.688319624494761,0.160410346789286,0.344102386152372,0.241614478267729,0.9,0.836380027094856,0.1,0.740171625046059,0.729291794914752,0.293677511718124,0.763587022433057,0.28737805467099,0.550810586521402,0.9,0.664330880949274,0.960389625839889,0.903317394433543,0.617265358893201,0.149885116238147,0.166708777565509,0.382022745814174,0.828962347842753,0.9,0.200055220490322,0.394277080567554,0.340221586311236,0.9,0.965647725714371,0.239128643786535,0.116993088042364,0.153026209119707,0.9,0.143565127532929,0.495010698074475,0.495650399243459,0.1,0.1,0.413538461644202,81.87,95.95,90384320,0.110752450543687,1,409016,244,30,3,0.375,1000,3240
